{
  "LC_60Hz": {
    "f0_Hz_first": 60.05889671043769,
    "f0_Hz_last": 59.760835829865876,
    "Q_first": 3320.778360912659,
    "Q_last": 3304.297969552665,
    "Q_gain_min": 1.0000000003444347,
    "Q_gain_max": 1.1363609346979298,
    "EMI_min_H2": 0.05000115551779216
  },
  "g2_intermods": {
    "g2_intermod_asym": 9.007956349364928e-17,
    "S_left_mean": 1.2737675421923436,
    "S_right_mean": 1.2737675421923436
  },
  "SC_GL": {
    "lambda_L": 2.784213664408195e+21,
    "xi": 0.7071067811865475,
    "kappa": 3.937472724750562e+21,
    "Jc_min": 3000000.0,
    "Jc_max": 6000000.0
  }
}