variant,val_mae,ece
baseline,0.094397,0.418285
fwt,0.106668,0.357290
tfuq,0.100377,0.396187
df,0.095541,0.413318
