{
  "val_mae": 0.09953621741749612,
  "ece_regression": 0.3898895151056634,
  "coverage": {
    "nominal": [
      0.5,
      0.8,
      0.9,
      0.95
    ],
    "empirical": [
      0.7857142857142857,
      0.9732142857142857,
      0.9910714285714286,
      0.9955357142857143
    ]
  },
  "uncertainty_temperature_scaling": {
    "scale": 0.577570093457944,
    "targets": [
      0.5,
      0.8,
      0.9,
      0.95
    ],
    "empirical_after_scaling": [
      0.48214285714285715,
      0.8214285714285714,
      0.8928571428571429,
      0.9419642857142857
    ],
    "loss_mse": 0.00022341358418367238,
    "ece_regression_scaled": 0.14068162368996998
  }
}